Name,Mode,MinExpLevel10,MaxExpLevel10,MinRepLevel,Priority,TID,TID2,RequiredTutorial,AnimationExportName,AnimationTitleTID,ConfirmButtonTID,FileName,HumanExportName,DelayMS,AutoCompleteOtherTutorial,ReplayTutorial,Target,ShopTarget,Action,StartAction,EndAction,RequiredCount,PeopleOrder,ArrowXOffset,ArrowYOffset,GoodReward,PositionX,PositionY,Disabled,TargetData,CinematicDelayMS,ResetOtherTutorial,TutorialGroup,HideIsoScarecrow,OnRails,XpReward,EnsureLevel,CameraOffsetX,CameraOffsetY,FloatingHeadTID,ShowInteractiveAnimation,InteractiveIconName,InteractiveAnimationOffsetX,InteractiveAnimationOffsetY,ShouldHideArrow,FloatingHeadLeftAnchor,FloatingHeadTopAnchor,FloatingHeadLayer,ShowHandSlideAnimation,ShouldShowShopArrow,RestrictedCameraBounds,SetCameraMinScaleMobile,SetCameraMinScaleTablet,FontSize,HideFloatingHeadWhenGOHUDIsVisible,TargetScrollScaleMobile,TargetScrollScaleTablet,ScrollDelayMS,SkipWaitForHud,RestrictedBoundsAreRelative,FloatingHeadExtraTID,HideFloatingHeadWhenShopIsVisible
String,String,int,int,int,int,String,String,String,String,String,String,String,String,int,String,String,String,String,String,String,String,int,String,int,int,String,int,int,Boolean,String,int,String,String,Boolean,Boolean,int,int,int,int,String,Boolean,String,int,int,Boolean,float,float,int,Boolean,Boolean,String,float,float,int,Boolean,float,float,int,Boolean,Boolean,String,Boolean
Step1: Welcome,home,10,,,8,TID_TUTORIAL_01,,,,,,sc/humans.sc,scarecrow,1000,,,,,,,,,,,,,,,TRUE,,,,Default,,,,,,,,,,,,,,,,,,,,,,,,,,,,,
Step2: Harvest,home,10,,,9,,TID_TUTORIAL_02a,,tutorial_harvest,TID_ANIMATION_Harvest,,sc/humans.sc,scarecrow,,,,HarvestableField,,HarvestFields,,,,,,,,,,TRUE,,,,Default,,,,,,,,,,,,,,,,,,,,,,,,,,,,,
Step3: Seeding,home,10,,,9,,TID_TUTORIAL_03a,,tutorial_seeding,TID_ANIMATION_Seeding,,sc/humans.sc,scarecrow,,,,EmptyField,,PlantFields,,,,,,,,,,TRUE,,,,Default,,,,,,,,,,,,,,,,,,,,,,,,,,,,,
Step4: Great!,home,10,,,10,TID_TUTORIAL_04,,,tutorial_great,TID_ANIMATION_CropInfo,,sc/humans.sc,scarecrow,,,,,,,,,,,,,,,,TRUE,,,,Default,,,,,,,,,,,,,,,,,,,,,,,,,,,,,
Step5: Paint Main House,home,10,,,11,,TID_TUTORIAL_05a,,,,,sc/humans.sc,scarecrow,,,,MainBuilding,,FixBuilding,,,,,50,,,,,TRUE,,,,Default,,,,,,,,,,,,,,,,,,,,,,,,,,,,,
Step6: Paint Warehouse,home,10,,,12,,TID_TUTORIAL_06a,,,,,sc/humans.sc,scarecrow,,,,Warehouse,,FixBuilding,,,,,,20,,,,TRUE,,,,Default,,,,,,,,,,,,,,,,,,,,,,,,,,,,,
Step7: Paint Silo,home,10,,,13,,TID_TUTORIAL_07a,,,,,sc/humans.sc,scarecrow,,,,Silo,,FixBuilding,,,,,,,,,,TRUE,,,,Default,,,,,,,,,,,,,,,,,,,,,,,,,,,,,
Step8: Claim the habitat,home,10,,,14,TID_TUTORIAL_10,TID_TUTORIAL_47a,,,,,sc/humans.sc,scarecrow,,,,ChickenHabitat,,ClaimFinishedBuilding,,,,,,,,,,TRUE,,,,Default,,,,,,,,,,,,,,,,,,,,,,,,,,,,,
Step9: Place first Chicken,home,10,,,15,,TID_TUTORIAL_10a,,tutorial_buy_chicken,TID_ANIMATION_BuyChicken,,sc/humans.sc,scarecrow,,,,ChickenHabitat,,BuyAnimals,ShowShopCategoryAnimals,,1,,,,,,,TRUE,,,,Default,,,,,,,,,,,,,,,,,,,,,,,,,,,,,
Step10: Place second Chicken,home,10,,,16,,TID_TUTORIAL_11a,,,,,sc/humans.sc,scarecrow,,,,ChickenHabitat,,BuyAnimals,ShowShopCategoryAnimals,,2,,,,,,,TRUE,,,,Default,,,,,,,,,,,,,,,,,,,,,,,,,,,,,
Step11: Place third Chicken,home,10,,,17,,TID_TUTORIAL_12a,,,,,sc/humans.sc,scarecrow,,,,ChickenHabitat,,BuyAnimals,ShowShopCategoryAnimals,CloseShop,3,,,,,,,TRUE,,,,Default,,,,,,,,,,,,,,,,,,,,,,,,,,,,,
Step12: Feed 3 Chickens,home,10,,,18,,TID_TUTORIAL_13a,,tutorial_feed_chicken,TID_ANIMATION_FeedChicken,,sc/humans.sc,scarecrow,,,,HungryChicken,,FeedAnimals,,,3,,,-40,,,,TRUE,,,,Default,,,,,,,,,,,,,,,,,,,,,,,,,,,,,
Step13: Chicken Speedup1,home,10,,,19,,TID_TUTORIAL_14a,,,,,sc/humans.sc,scarecrow,,Step52e: Double tap info,,ProcessingChicken,,InstantComplete,SelectTargetObject,,,,,-40,,,,TRUE,,,,Default,,,,,,,,,,,,,,,,,,,,,,,,,,,,,
Step14: Chicken Speedup2,home,10,,,20,,TID_TUTORIAL_15a,,,,,sc/humans.sc,scarecrow,,Step13: Chicken Speedup1,,ProcessingChicken,,InstantComplete,SelectTargetObject,,,,,-40,,,,TRUE,,,,Default,,,,,,,,,,,,,,,,,,,,,,,,,,,,,
Step15: Chicken Speedup3,home,10,,,21,,TID_TUTORIAL_16a,,,,,sc/humans.sc,scarecrow,,Step14: Chicken Speedup2,,ProcessingChicken,,InstantComplete,SelectTargetObject,,,,,-40,,,,TRUE,,,,Default,,,,,,,,,,,,,,,,,,,,,,,,,,,,,
Step16: Chicken Collecting,home,10,,,22,,TID_TUTORIAL_17a,,tutorial_collect_chicken,TID_ANIMATION_CollectEggs,,sc/humans.sc,scarecrow,,Step15: Chicken Speedup3,,ReadyChicken,,CollectAnimal,,,,,,-40,,,,TRUE,,,,Default,,,,,,,,,,,,,,,,,,,,,,,,,,,,,
Step17: Guest appears,home,10,,,1,,TID_TUTORIAL_GUEST1,,,,,sc/humans.sc,scarecrow,,,,People,,,,,,A,,-90,,,,TRUE,,,,Default,,,,,,,,,,,,,,,,,,,,,,,,,,,,,
Step18: Name your farm,home,10,,,1,TID_TUTORIAL_42,,,,,,sc/humans.sc,popup_mike,,,,,,NameFarm,OpenNameFarmScreen,,,,,-90,,,,,,,,Default,,,,,,,,,,,,,,,,,,,,,,,,,,,,,
Step19: Guest speaks,home,10,,,1,TID_TUTORIAL_45,,,,,,sc/humans.sc,popup_mike,,,,,,,,,,,,,,,,TRUE,,,,Default,,,,,,,,,,,,,,,,,,,,,,,,,,,,,
Step20: Guest leaves,home,10,,,1,,,,,,,sc/humans.sc,popup_mike,,,,People,,,,SelectTargetObject,,A,,,,,,TRUE,,,,Default,,,,,,,,,,,,,,,,,,,,,,,,,,,,,
Step21: Buy Bakery,home,20,,,27,TID_TUTORIAL_20,TID_TUTORIAL_20a,,,,,sc/humans.sc,scarecrow,1000,,,Bakery,,BuyObject,,,,,,,,,,TRUE,,,,Default,,,,,,,,,,,,,,,,,,,,,,,,,,,,,
Step22: Speedup Bakery,home,20,,,28,,TID_TUTORIAL_21a,,,,,sc/humans.sc,scarecrow,,,,Bakery,,InstantComplete,SelectTargetObject,,,,,,,,,TRUE,,,,Default,,,,,,,,,,,,,,,,,,,,,,,,,,,,,
Step23: Bake Bread,home,20,,,29,,TID_TUTORIAL_22a,,tutorial_bake_bread,TID_ANIMATION_BakeBread,,sc/humans.sc,scarecrow,,Step22: Speedup Bakery,,Bakery,,StartProduction,,,,,,,,,,TRUE,,,,Default,,,,,,,,,,,,,,,,,,,,,,,,,,,,,
Step24: SpeedUp Bread,home,20,,,30,,TID_TUTORIAL_23a,,,,,sc/humans.sc,scarecrow,,Step23: Bake Bread,,Bakery,,InstantCompleteProduct,SelectTargetObject,,,,,,,,,TRUE,,,,Default,,,,,,,,,,,,,,,,,,,,,,,,,,,,,
Step25: Build Feed Mill,home,30,,,31,TID_TUTORIAL_26,TID_TUTORIAL_26a,,,,,sc/humans.sc,scarecrow,,,,FeedMill,,BuyObject,,,,,,,,,,TRUE,,,,Default,,,,,,,,,,,,,,,,,,,,,,,,,,,,,
Step26: Place fields,home,30,,,32,TID_TUTORIAL_24,TID_TUTORIAL_24a,,,,,sc/humans.sc,scarecrow,,,,EmptyField,,BuyObject,,,9,,,,,,,TRUE,,,,Default,,,,,,,,,,,,,,,,,,,,,,,,,,,,,
Step27: Plant Crops,home,30,,,33,,TID_TUTORIAL_25a,,,,,sc/humans.sc,scarecrow,,,,EmptyField,,PlantFields,,,,,,,,,,TRUE,,,,Default,,,,,,,,,,,,,,,,,,,,,,,,,,,,,
Step28: Second Guest appear,home,30,,,34,,TID_TUTORIAL_GUEST2,,,,,sc/humans.sc,scarecrow,200,,,People,,SelectTargetSameDataType,,,,B,,-120,,,,TRUE,,,,Default,,,,,,,,,,,,,,,,,,,,,,,,,,,,,
Step29: Guest appear 2,home,30,,,35,TID_TUTORIAL_46,,,,,,sc/humans.sc,popup_joan,,,,,,,OpenPeopleBuyScreen,,,B,,-120,,,,TRUE,,,,Default,,,,,,,,,,,,,,,,,,,,,,,,,,,,,
Step30: Guest appear 3,home,30,,,36,,,,,,,sc/humans.sc,popup_joan,,,,People,,CompletePeopleOrder,,,,B,,,,,,TRUE,,,,Default,,,,,,,,,,,,,,,,,,,,,,,,,,,,,
Step31: General advice,home,30,39,,37,TID_TUTORIAL_27,TID_TUTORIAL_27a,,,,,sc/humans.sc,scarecrow,,,,,,,,,,,,,,,,TRUE,,,,Default,,,,,,,,,,,,,,,,,,,,,,,,,,,,,
Step32: Car Arrives,home,40,,,38,TID_TUTORIAL_28,,,,,,sc/humans.sc,scarecrow,,,,,,,,,,,,,,,,TRUE,,,,Default,,,,,,,,,,,,,,,,,,,,,,,,,,,,,
Step33: Complete First Order,home,40,,,39,TID_TUTORIAL_29,TID_TUTORIAL_29a,,,,,sc/humans.sc,scarecrow,,,,OrderTable,,CompleteOrder,,,,,40,-50,,,,TRUE,,,,Default,,,,,,,,,,,,,,,,,,,,,,,,,,,,,
Step34: Collect the coins,home,40,,,40,TID_TUTORIAL_30,TID_TUTORIAL_48a,,,,,sc/humans.sc,scarecrow,,,,Car,,ClaimOrder,,,,,-20,-50,,,,TRUE,,,,Default,,,,,,,,,,,,,,,,,,,,,,,,,,,,,
Step35: Complete Second Order,home,40,,,41,TID_TUTORIAL_47,TID_TUTORIAL_30a,,,,,sc/humans.sc,scarecrow_card,,,,OrderTable,,CompleteOrder,,,,,40,-50,,,,TRUE,,,,Default,,,,,,,,,,,,,,,,,,,,,,,,,,,,,
Step36: Keep up the good work!,home,40,49,,42,TID_TUTORIAL_31,TID_TUTORIAL_31a,,,,,sc/humans.sc,scarecrow,,,,,,,,,,,,,,,,TRUE,,,,Default,,,,,,,,,,,,,,,,,,,,,,,,,,,,,
Step37: Ai visiting 1,home,50,,,43,,TID_TUTORIAL_GUEST3,,,,,sc/humans.sc,scarecrow,,,,People,,SelectTargetSameDataType,,SelectTargetObject,,C,,-120,,,,TRUE,,,,Default,,,,,,,,,,,,,,,,,,,,,,,,,,,,,
Step38: Ai visiting 2,home,50,,,44,TID_TUTORIAL_48,,,,,,sc/humans.sc,popup_greg,,,,,,,,,,,,,,,,TRUE,,,,Default,,,,,,,,,,,,,,,,,,,,,,,,,,,,,
Step39: Ai visiting 3,home,50,,,45,TID_TUTORIAL_49,TID_TUTORIAL_GUEST4,,,,,sc/humans.sc,scarecrow,,,,FriendBarButton,,OpenFriendBar,,,,,,,,,,TRUE,,,,Default,,,,,,,,,,,,,,,,,,,,,,,,,,,,,
Step40: Ai visiting 4,home,50,,,46,,TID_TUTORIAL_GUEST5,,,,,sc/humans.sc,scarecrow,,,,AIButton,,VisitAI,,,,,,,,,,TRUE,,,,Default,,,,,,,,,,,,,,,,,,,,,,,,,,,,,
Step41: Ai visiting 6,ai,50,,,47,TID_TUTORIAL_50,,,,,,sc/humans.sc,popup_greg,,,,,,,,,,,,,,,,TRUE,,,,Default,,,,,,,,,,,,,,,,,,,,,,,,,,,,,
Step42: Ai visiting 7,ai,50,,,48,,TID_TUTORIAL_GUEST6,,,,,sc/humans.sc,popup_greg,,,,RoadsideShop,,OpenRoadsideShop,,,,,-10000,-10000,,,,TRUE,,,,Default,,,,,,,,,,,,,,,,,,,,,,,,,,,,,
Step43: Ai visiting 8,ai,50,,,49,TID_TUTORIAL_51,,,,,,sc/humans.sc,popup_greg,,,,,,,,,,,,,,,,TRUE,,,,Default,,,,,,,,,,,,,,,,,,,,,,,,,,,,,
Step44: Ai visiting 9,home,50,,,50,TID_TUTORIAL_52,,,,,,sc/humans.sc,scarecrow,,,,,,,,,,,,,,,,TRUE,,,,Default,,,,,,,,,,,,,,,,,,,,,,,,,,,,,
Step45: Buy Cow Habitat,home,60,,,51,TID_TUTORIAL_36,TID_TUTORIAL_36a,,,,,sc/humans.sc,scarecrow,,,,CowHabitat,,BuyObject,,,1,,,,,,,TRUE,,,,,,,,,,,,,,,,,,,,,,,,,,,,,,,,,
Step46: Buy a cow,home,60,,,52,,TID_TUTORIAL_37a,,,,,sc/humans.sc,scarecrow,,,,CowHabitat,,BuyAnimals,,,1,,,,,,,TRUE,,,,,,,,,,,,,,,,,,,,,,,,,,,,,,,,,
Step47: Feed a cow,home,60,,,53,,TID_TUTORIAL_38a,,,,,sc/humans.sc,scarecrow,,,,HungryCow,,FeedAnimals,SelectTargetObject,,1,,,-40,,,,TRUE,,,,,,,,,,,,,,,,,,,,,,,,,,,,,,,,,
Step48: Cow advice,home,60,,,54,TID_TUTORIAL_39,,,,,,sc/humans.sc,scarecrow,,,,,,,,,,,,,,,,TRUE,,,,,,,,,,,,,,,,,,,,,,,,,,,,,,,,,
Step49: Dairy,home,60,,,55,TID_TUTORIAL_40,,,,,,sc/humans.sc,scarecrow,,,,,,,,,,,,,,,,TRUE,,,,,,,,,,,,,,,,,,,,,,,,,,,,,,,,,
Step50: Roadside shop,home,70,,,56,TID_TUTORIAL_53,,,,,,sc/humans.sc,scarecrow,,,,RoadsideShop,,,,,,,,,,,,TRUE,,,,,,,,,,,,,,,,,,,,,,,,,,,,,,,,,
Step51: Roadside shop2,home,70,,,57,TID_TUTORIAL_54,TID_TUTORIAL_54a,,,,,sc/humans.sc,scarecrow,,,,RoadsideShop,,OpenRoadsideShop,,,,,,,,,,TRUE,,,,,,,,,,,,,,,,,,,,,,,,,,,,,,,,,
Step52: Mailbox,home,70,,,58,TID_TUTORIAL_55,TID_TUTORIAL_55a,,,,,sc/humans.sc,scarecrow,,,,MailBox,,OpenMailBox,,,,,,-80,,,,TRUE,,,,,,,,,,,,,,,,,,,,,,,,,,,,,,,,,
Step53: Indigo,home,130,,,60,TID_TUTORIAL_56,,,tutorial_swap_fan_page,TID_ANIMATION_6th crop,,sc/humans.sc,scarecrow,,,,,,,,,,,,,,,,TRUE,,,,,,,,,,,,,,,,,,,,,,,,,,,,,,,,,
Step25b: Rotating,home,65,,,59,TID_TUTORIAL_57,,,tutorial_edit_objects,TID_ANIMATION_EditObjects,,sc/humans.sc,scarecrow,,,,,,,,,,,,,,,,TRUE,,,,,,,,,,,,,,,,,,,,,,,,,,,,,,,,,
Step54: Vouchers and Pets 1,home,200,,,61,TID_TUTORIAL_58,,,,,TID_TUTORIAL_58a,sc/humans.sc,popup_pets,,,,,,,,,,,,,,,,TRUE,,,,,,,,,,,,,,,,,,,,,,,,,,,,,,,,,
Step55: Vouchers and Pets 1,home,200,,,62,TID_TUTORIAL_59,,,,,TID_TUTORIAL_59a,sc/humans.sc,popup_pets,,,,,,,,,,,,,Voucher1,,,TRUE,,,,,,,,,,,,,,,,,,,,,,,,,,,,,,,,,
Step56: First hungry pet,home,,,,63,,TID_TUTORIAL_60,,,,,sc/humans.sc,scarecrow,,,,PetHouse,,FeedHungryPet,CloseShop,,,,,,,,,TRUE,,,,,,,,,,,,,,,,,,,,,,,,,,,,,,,,,
Step56: Pet done eating,home,,,,64,TID_TUTORIAL_61,,,,,,sc/humans.sc,scarecrow,,Step56: First hungry pet,,FedPet,,,,,,,,,,,,TRUE,,,,,,,,,,,,,,,,,,,,,,,,,,,,,,,,,
Step57: Pet sleeping,home,,,,65,,TID_TUTORIAL_62,,,,,sc/humans.sc,scarecrow,,Step56: Pet done eating,,SleepingPet,,CollectPet,,,,,,-20,,,,TRUE,,,,,,,,,,,,,,,,,,,,,,,,,,,,,,,,,
Step58: Pet tapped,home,,,,65,TID_TUTORIAL_63,,Step57: Pet sleeping,,,,sc/humans.sc,scarecrow,2000,Step57: Pet sleeping,,,,,,,,,,,,,,TRUE,,,,,,,,,,,,,,,,,,,,,,,,,,,,,,,,,
Step59: Pizza,home,330,,,136,TID_TUTORIAL_64,,Step125: Helper crops,tutorial_swap_fan_page_2,TID_ANIMATION_Pizzas,,sc/humans.sc,scarecrow,10000,,,,,,,,,,,,,,,TRUE,,,,,,,,,,,,,,,,,,,,,,,,,,,,,,,,,
Step60: Docks unlocked,home,170,,,67,TID_TUTORIAL_65,,,,,,sc/humans.sc,scarecrow,,,,Docks,,TouchTarget,,,,,,,,,,TRUE,,,,,,,,,,,,,,,,,,,,,,,,,,,,,,,,,
Step61: Expnasion unlocked,home,220,,,68,TID_TUTORIAL_66,,,,,,sc/humans.sc,scarecrow,,,,Expansions,,OpenExpansionsHud,,,,,,,,,,TRUE,,,,,,,,,,,,,,,,,,,,,,,,,,,,,,,,,
Step62: Mine unlocked,home,240,,,69,TID_TUTORIAL_67,,,,,,sc/humans.sc,scarecrow,,,,Mines,,TouchTarget,,,,,,,,,,TRUE,,,,,,,,,,,,,,,,,,,,,,,,,,,,,,,,,
Step63: Boat,home,170,,,70,TID_TUTORIAL_68,,,,,,sc/humans.sc,scarecrow,,,,Boat,,OpenBoat,,,,,,,,,,TRUE,,,,,,,,,,,,,,,,,,,,,,,,,,,,,,,,,
Step64: Leaderboard,home,170,,,71,,TID_TUTORIAL_69,Step63: Boat,,,,sc/humans.sc,scarecrow,,,,Leaderboard,,OpenLeaderboard,,,,,,,,,,TRUE,,,,,,,,,,,,,,,,,,,,,,,,,,,,,,,,,
Step65: Postman intro,home,150,,,1,TID_TUTORIAL_70,,,,,,sc/humans.sc,scarecrow,,,,Postman,,,,,,,,,,20,32,TRUE,,,,,,,,,,,,,,,,,,,,,,,,,,,,,,,,,
Step66: Follow postman,home,150,,,2,,,,,,,sc/humans.sc,,,,,Postman,,LettersDelivered,,,,,,-120,,20,32,TRUE,,,,,,,,,,,,,,,,,,,,,,,,,,,,,,,,,
Step67: Select gift mailbox,home,150,,,3,,TID_TUTORIAL_71,,,,,sc/humans.sc,,,,,GiftMailbox,,CollectLetters,,,,,15,,,20,32,TRUE,,,,,,,,,,,,,,,,,,,,,,,,,,,,,,,,,
Step68: Letters explained,home,150,,,4,TID_TUTORIAL_72,,,,,,sc/humans.sc,scarecrow,,,,GiftMailbox,,,,,,,,,,20,32,TRUE,,,,,,,,,,,,,,,,,,,,,,,,,,,,,,,,,
Step69: Letters explained2,home,150,,,5,,,,tutorial_how_to_get_gift_cards,TID_ANIMATION_SendLetter,,sc/humans.sc,scarecrow,,,,GiftMailbox,,,,,,,,,,20,32,TRUE,,,,,,,,,,,,,,,,,,,,,,,,,,,,,,,,,
Step70: Letters explained3,home,150,,,6,TID_TUTORIAL_73,,,,,,sc/humans.sc,scarecrow,,,,GiftMailbox,,,,,,,,,,20,32,TRUE,,,,,,,,,,,,,,,,,,,,,,,,,,,,,,,,,
Step71: Letters explained4,home,150,,,7,TID_TUTORIAL_74,,,,,,sc/humans.sc,scarecrow,,,,GiftMailbox,,,,,,,,,,20,32,TRUE,,,,,,,,,,,,,,,,,,,,,,,,,,,,,,,,,
Step72: Fishing boat unlocked,home,270,,,72,TID_TUTORIAL_FISHING_1,,,,,,sc/humans.sc,scarecrow,,,,FishingBoat,,TouchTarget,,,,,,,,,,TRUE,,,,,,,,,,,,,,,,,,,,,,,,,,,,,,,,,
Step73: Fishing boat fixed,home,270,,,73,TID_TUTORIAL_FISHING_2,,,,,,sc/humans.sc,scarecrow,,,,FishingBoat,,GoFishing,,,,,,,,,,TRUE,,,,,,,,,,,,,,,,,,,,,,,,,,,,,,,,,
Step74: Fishing welcome,fishing,270,,,74,TID_TUTORIAL_FISHING_3,,,,,,sc/fishing_humans.sc,pop_up_fisherman,,,,FishingBoat,,,,,,,,,,20,-6,TRUE,,,,,,,,,,,,,,,,,,,,,,,,,,,,,,,,,
Step75: Fishing 101,fishing,270,,,75,,TID_TUTORIAL_FISHING_4,,tutorial_how_to_fish,TID_TUTORIAL_FISHING_4,,sc/fishing_humans.sc,pop_up_fisherman,,,,FishingSpot,,,,,,,,,,9,4,TRUE,,,,,,,,,,,,,,,,,,,,,,,,,,,,,,,,,
Step76: Fishing practice,fishing,270,,,76,,TID_TUTORIAL_FISHING_5,,,,,sc/fishing_humans.sc,pop_up_fisherman,,,Step75: Fishing 101,FishingSpot,,TryFish,,,,,,,,9,4,TRUE,,,,,,,,,,,,,,,,,,,,,,,,,,,,,,,,,
Step77: Fishing fail,fishing,270,,,77,,TID_TUTORIAL_FISHING_6,,,,,sc/fishing_humans.sc,pop_up_fisherman,,,Step75: Fishing 101,FishingSpot,,CatchFish,,,,,,,,15,4,TRUE,,,,,,,,,,,,,,,,,,,,,,,,,,,,,,,,,
Step78: Fishing hut,fishing,270,,,78,,TID_TUTORIAL_FISHING_7,,,,,sc/fishing_humans.sc,pop_up_fisherman,5000,,Step75: Fishing 101,FishingHut,,OpenFishCollection,,,,,30,-90,,9,4,TRUE,,,,,,,,,,,,,,,,,,,,,,,,,,,,,,,,,
Step79: Fishing lure maker,fishing,270,,,79,,TID_TUTORIAL_FISHING_8,,,,,sc/fishing_humans.sc,pop_up_fisherman,,,Step75: Fishing 101,BaitMaker,,TouchTarget,,,,,,,,13,2,TRUE,,,,,,,,,,,,,,,,,,,,,,,,,,,,,,,,,
Step80: Fishing baits,fishing,270,,,80,TID_TUTORIAL_FISHING_9,,,,,,sc/fishing_humans.sc,pop_up_fisherman,,,Step75: Fishing 101,BaitMaker,,,,,,,,,,15,4,TRUE,,,,,,,,,,,,,,,,,,,,,,,,,,,,,,,,,
Step52b: Double tap AB test,home,70,,,60,TID_TUTORIAL_DOUBLE_TAP,,,,,,sc/humans.sc,scarecrow,,,,,,,,,,,,,,,,TRUE,,,,,,,,,,,,,,,,,,,,,,,,,,,,,,,,,
Step81: Fishing net maker unlocked,fishing,300,,,87,TID_TUTORIAL_FISHING_10,,,,,,sc/fishing_humans.sc,pop_up_fisherman,,Step81b: Net maker unlocked,Step75: Fishing 101,,,,,,,,,,,,,TRUE,,,,,,,,,,,,,,,,,,,,,,,,,,,,,,,,,
Step82: Fishing repair net maker,fishing,300,,,88,,TID_TUTORIAL_FISHING_11,,,,,sc/fishing_humans.sc,pop_up_fisherman,,,Step75: Fishing 101,NetMakerBroken,,TouchTarget,,,,,,-70,,18,-2,TRUE,,,,,,,,,,,,,,,,,,,,,,,,,,,,,,,,,
Step83: Fishing nets,fishing,300,,,89,TID_TUTORIAL_FISHING_12,,Step82: Fishing repair net maker,,,,sc/fishing_humans.sc,pop_up_fisherman,,,Step75: Fishing 101,NetMaker,,TouchTarget,,,,,,,,18,-2,TRUE,,,,,,,,,,,,,,,,,,,,,,,,,,,,,,,,,
Step84: Fishing mystery net,fishing,300,,,90,TID_TUTORIAL_FISHING_13,,Step83: Fishing nets,,,,sc/fishing_humans.sc,pop_up_fisherman,,,Step75: Fishing 101,NetMaker,,,,,,,,,MysteryNet,18,-2,TRUE,,,,,,,,,,,,,,,,,,,,,,,,,,,,,,,,,
Step85: Fishing lobster pool unlocked,fishing,440,,,91,TID_TUTORIAL_FISHING_14,,,,,,sc/fishing_humans.sc,pop_up_fisherman,,Step85b: Lobster pool unlocked,Step75: Fishing 101,,,,,,,,,,,,,TRUE,,,,,,,,,,,,,,,,,,,,,,,,,,,,,,,,,
Step86: Fishing repair lobster pool,fishing,440,,,92,,TID_TUTORIAL_FISHING_15,,,,,sc/fishing_humans.sc,pop_up_fisherman,,,Step75: Fishing 101,LobsterPoolBroken,,TouchTarget,,,,,,-70,,18,-2,TRUE,,,,,,,,,,,,,,,,,,,,,,,,,,,,,,,,,
Step87: Fishing lobster info,fishing,440,,,93,TID_TUTORIAL_FISHING_16,,,,,,sc/fishing_humans.sc,pop_up_fisherman,,,Step75: Fishing 101,LobsterPool,,,,,,,,,,18,-2,TRUE,,,,,,,,,,,,,,,,,,,,,,,,,,,,,,,,,
Step88: Fishing lobster harvested,fishing,440,,,94,,TID_TUTORIAL_FISHING_17,,,,,sc/fishing_humans.sc,pop_up_fisherman,,,Step75: Fishing 101,LobsterPool,,TouchTarget,,,,,,-70,,18,-2,TRUE,,,,,,,,,,,,,,,,,,,,,,,,,,,,,,,,,
Step81b: Net maker unlocked,home,300,,,85,TID_TUTORIAL_75,,,,,,sc/humans.sc,scarecrow,,,,FishingBoat,,GoFishing,,,,,,,,,,TRUE,,,,,,,,,,,,,,,,,,,,,,,,,,,,,,,,,
Step85b: Lobster pool unlocked,home,440,,,89,TID_TUTORIAL_76,,,,,,sc/humans.sc,scarecrow,,,,FishingBoat,,GoFishing,,,,,,,,,,TRUE,,,,,,,,,,,,,,,,,,,,,,,,,,,,,,,,,
LobsterFishing101_DO_NOT_RENAME,fishing,440,,,95,,,,tutorial_lobsters,TID_LOBSTER_TUTORIAL_TITLE,,sc/fishing_humans.sc,pop_up_fisherman,,,,LobsterPool,,,,,,,,,,18,-2,TRUE,,,,,,,,,,,,,,,,,,,,,,,,,,,,,,,,,
Step52c: Double tap AB test,home,70,,,60,TID_TUTORIAL_HOLDING_DOWN,,,,,,sc/humans.sc,scarecrow,,,,,,,,,,,,,,,,TRUE,,,,,,,,,,,,,,,,,,,,,,,,,,,,,,,,,
Step89: Neighborhood building repair,home,100,,,81,TID_TUTORIAL_NEIGHBORHOOD_REPAIR,,,,,,sc/humans.sc,scarecrow,,,,NeighborhoodBuildingBroken,,TouchTarget,,,,,,,,,,TRUE,,,,,,,,,,,,,,,,,,,,,,,,,,,,,,,,,
Step90: Neighborhood create or join,home,100,,,82,TID_TUTORIAL_NEIGHBORHOOD_CREATEJOIN,TID_TUTORIAL_NEIGHBORHOOD_CREATEJOIN_BUBBLE,Step89: Neighborhood building repair,,,,sc/humans.sc,scarecrow,,,,NeighborhoodBuilding,,TouchTarget,,,,,,,,,,TRUE,,,,,,,,,,,,,,,,,,,,,,,,,,,,,,,,,
Step91: Welcome to chat,home,100,,,83,TID_TUTORIAL_NEIGHBORHOOD_CHAT,,Step90: Neighborhood create or join,,,,sc/humans.sc,scarecrow,,,,ChatOpenButton,,OpenChat,,,,,,,,,,TRUE,,,,,,,,,,,,,,,,,,,,,,,,,,,,,,,,,
Step92: Neighborhood invite,friend,100,,,84,TID_TUTORIAL_NEIGHBORHOOD_INVITE,,Step91b: Please visit friend and invite,,,,sc/humans.sc,scarecrow,,,,,,,,,,,,,,13,38,TRUE,,,,,,,,,,,,,,,,,,,,,,,,,,,,,,,,,
Step52d: Double tap AB decision,home,10,,,60,TID_TUTORIAL_DIAMOND_CONFIMATION_CHANGE,,,,,,sc/humans.sc,scarecrow,,,,,,,,,,,,,,,,TRUE,,,,,,,,,,,,,,,,,,,,,,,,,,,,,,,,,
Step91b: Please visit friend and invite,home,100,,,85,,TID_TUTORIAL_NEIGHBORHOOD_CHAT_BUBBLE,Step91: Welcome to chat,,,,sc/humans.sc,scarecrow,,,,Scarecrow,,TouchTarget,,,,,,,,13,38,TRUE,,,,,,,,,,,,,,,,,,,,,,,,,,,,,,,,,
,,,,,,,,,,,,,,,,,,,VisitFriend,,,,,,,,,,,,,,,,,,,,,,,,,,,,,,,,,,,,,,,,,,,
Step92b: Glowing invite button,friend,180,,,86,,,Step92: Neighborhood invite,,,,sc/humans.sc,scarecrow,,,,InviteButton,,DoInvite,,,,,,,,,,TRUE,,,,,,,,,,,,,,,,,,,,,,,,,,,,,,,,,
Step93: Drasine unlocked,home,340,,,96,TID_TUTORIAL_93_DRASINE_UNLOCKED,TID_TUTORIAL_93A_DRASINE_UNLOCKED,,,,,sc/humans.sc,scarecrow,,,,Drasine,,TouchTarget,,,,,,,,14,42,TRUE,,,,,,,,,,,,,,,,,,,,,,,,,,,,,,,,,
Step94: Drasine fixed,home,340,,,97,TID_TUTORIAL_94_DRASINE_FIXED,,,,,,sc/humans.sc,scarecrow,,,,Drasine,,GoTrain,,,,,,,,14,42,TRUE,,,,,,,,,,,,,,,,,,,,,,,,,,,,,,,,,
Step95: Train area welcome,train,340,,,98,TID_TUTORIAL_95_TRAIN_AREA_WELCOME,,,,,,sc/humans.sc,scarecrow,,,,,,,,,,,,,,16,18,TRUE,,,,,,,,,,,,,,,,,,,,,,,,,,,,,,,,,
Step96: Paint train station,train,340,,,99,,TID_TUTORIAL_96A_PAINT_TRAIN_STATION,,,,,sc/humans.sc,scarecrow,,,,TrainStation,,FixBuilding,,,,,,,,16,18,TRUE,,,,,,,,,,,,,,,,,,,,,,,,,,,,,,,,,
Step97: Tap first visitor,train,340,,,100,,TID_TUTORIAL_97A_TAP_FIRST_VISITOR,Step96: Paint train station,,,,sc/humans.sc,scarecrow,,,,Passenger,,TouchTarget,,,,,,-100,,16,18,TRUE,,,,,,,,,,,,,,,,,,,,,,,,,,,,,,,,,
Step98: Place Grocery Store,train,340,,,101,,TID_TUTORIAL_98A_PLACE_GROCERY,Step97: Tap first visitor,,,,sc/humans.sc,scarecrow,1500,,,Grocery,,BuyObject,,,,,,,,16,18,TRUE,,,,,,,,,,,,,,,,,,,,,,,,,,,,,,,,,
Step99: Grocery Store built,train,340,,,102,TID_TUTORIAL_99_GROCERY_STORE_BUILT,,Step98: Place Grocery Store,,,,sc/humans.sc,scarecrow,,,,Grocery,,,,,,,,,,13,16,TRUE,,,,,,,,,,,,,,,,,,,,,,,,,,,,,,,,,
Step100: Send to Grocery,train,340,,,103,,TID_TUTORIAL_100A_SEND_TO_GROCERY,Step99: Grocery Store built,,,,sc/humans.sc,scarecrow,,Step99: Grocery Store built,,Passenger,,SendGrocery,,,,,,-100,,13,16,TRUE,,,,,,,,,,,,,,,,,,,,,,,,,,,,,,,,,
Step101: Service video,train,340,,,104,,TID_TUTORIAL_101A_SERVICE_VISITOR,Step100: Send to Grocery,tutorial_service_building,TID_TUTORIAL_SERVICE_BUILDING_TITLE,,sc/humans.sc,scarecrow,1500,,,PassengerInSlot,,ServicePassenger,,,,,,,,13,16,TRUE,,,,,,,,,,,,,,,,,,,,,,,,,,,,,,,,,
Step102: Speed up service,train,340,,,105,,TID_TUTORIAL_102A_SPEED_UP_SERVICE,Step101: Service video,,,,sc/humans.sc,scarecrow,,,,PassengerInSlot,,SpeedUpService,,UnselectCurrent,,,,,,13,16,TRUE,,,,,,,,,,,,,,,,,,,,,,,,,,,,,,,,,
Step103: Collect reward,train,340,,,106,,TID_TUTORIAL_103A_COLLECT_REWARD,Step102: Speed up service,,,,sc/humans.sc,scarecrow,,Step102: Speed up service,,PassengerWithReward,,CollectPassengerReward,,,,,,-100,,13,16,TRUE,,,,,,,,,,,,,,,,,,,,,,,,,,,,,,,,,
Step104: Upgrade service building,train,340,,,107,,TID_TUTORIAL_104A_UPGRADE_SERVICE_BUILDING,Step103: Collect reward,,,,sc/humans.sc,scarecrow,,,,Grocery,,UpgradeServiceBuildingSlots,,,,,,,,13,16,TRUE,,,,,,,,,,,,,,,,,,,,,,,,,,,,,,,,,
Step105: Repair town hall,train,340,,2,108,,TID_TUTORIAL_105A_REPAIR_TOWN_HALL,Step104: Upgrade service building,,,,sc/humans.sc,scarecrow,1500,,,TownHall,,FixBuilding,,,,,,,,18,10,TRUE,,,,,,,,,,,,,,,,,,,,,,,,,,,,,,,,,
Step106: Town Hall listing,train,340,,,109,,TID_TUTORIAL_106A_SEND_TO_GROCERY_VIA_TOWN_HALL,Step105: Repair town hall,,,,sc/humans.sc,scarecrow,,,,TownHall,,TapTownHallListing,,,,,,,,18,10,TRUE,,,,,,,,,,,,,,,,,,,,,,,,,,,,,,,,,
Step107: Train tutorial completed,train,340,,,110,TID_TUTORIAL_107_TRAIN_TUTORIAL_COMPLETED,,Step106: Town Hall listing,,,,sc/humans.sc,scarecrow,3000,,,ShopButton,,OpenShop,,,,,,,,18,10,TRUE,,,,,,,,,,,,,,,,,,,,,,,,,,,,,,,,,
Step108: Repair personal train,train,340,,4,111,TID_TUTORIAL_108_REPAIR_PERSONAL_TRAIN,,Step107: Train tutorial completed,,,,sc/humans.sc,scarecrow,,,,PersonalTrain,,RepairTarget,,,,,50,-100,,27,15,TRUE,,,,,,,,,,,,,,,,,,,,,,,,,,,,,,,,,
Step109: Visit neighborhood friend,train,340,,,112,,TID_TUTORIAL_109A_VISIT_NEIGHBORHOOD_FRIEND,Step108: Repair personal train,,,,sc/humans.sc,scarecrow,,,,PersonalTrain,,OpenPersonalTrainHUD,,,,,,-70,,34,16,TRUE,,,,,,,,,,,,,,,,,,,,,,,,,,,,,,,,,
Step110: Bees unlocked,home,390,,,113,TID_TUTORIAL_110_BEES_UNLOCKED,,,,,,sc/humans.sc,scarecrow,1000,,,,,,,,,,,,,,,TRUE,,,,,,,,,,,,,,,,,,,,,,,,,,,,,,,,,
Step111: Buy beehive tree,home,390,,,114,TID_TUTORIAL_111a_BUY_BEEHIVETREE,TID_TUTORIAL_111a_BUY_BEEHIVETREE,Step110: Bees unlocked,,,,sc/humans.sc,scarecrow,,,,,BeeHiveTree,OpenShop,CloseShop,,,,,,,,,TRUE,,,,,,,,,,,,,,,,,,,,,,,,,,,,,,,,,
Step112: Buy bee,home,390,,,115,,TID_TUTORIAL_112a_BUY_BEE,Step111: Buy beehive tree,,,,sc/humans.sc,scarecrow,,,,BeeHiveTree,Bee,OpenShop,CloseShop,,,,,,,,,TRUE,,,,,,,,,,,,,,,,,,,,,,,,,,,,,,,,,
Step113: Buy nectar bush,home,390,,,116,,TID_TUTORIAL_113a_BUY_NECTARBUSH,Step112: Buy bee,,,,sc/humans.sc,scarecrow,,,,Bee,NectarBush,OpenShop,CloseShop,,,,,,,,,TRUE,,,,,,,,,,,,,,,,,,,,,,,,,,,,,,,,,
Step113b: Wait for bees,home,390,,,117,,TID_TUTORIAL_113a2_WAIT_FOR_BEES,Step113: Buy nectar bush,,,,sc/humans.sc,scarecrow,,,,NectarBush,,TouchTarget,CloseShop,,,,,-60,,,,TRUE,,,,,,,,,,,,,,,,,,,,,,,,,,,,,,,,,
Step114: Bee tutorial end,home,390,,,118,TID_TUTORIAL_114_BEE_TUTORIAL_END,,Step113b: Wait for bees,,,,sc/humans.sc,scarecrow,2000,,,,HoneyExtractor,OpenShop,CloseShop,,,,,,,,,TRUE,,,,,,,,,,,,,,,,,,,,,,,,,,,,,,,,,
Step52e: Double tap info,home,70,,,60,TID_TUTORIAL_DOUBLE_TAP_INFO,,,,,,sc/humans.sc,scarecrow,3000,,,,,,,,,,,,,,,TRUE,,,,,,,,,,,,,,,,,,,,,,,,,,,,,,,,,
Step115: Duck Salon unlocked,fishing,500,,,119,TID_DUCKS_TUTORIAL_TEXT,,,,,,sc/fishing_humans.sc,pop_up_fisherman,,,,DuckSalon,,TouchTarget,,,,,,-90,,19,4,TRUE,,,,,,,,,,,,,,,,,,,,,,,,,,,,,,,,,
Step116: Video tutorial,home,180,,,120,TID_TUTORIAL_NEIGHBORHOOD_DERBY,,Step91: Welcome to chat,tutorial_derby,TID_DERBY_TUTORIAL_TITLE,,sc/humans.sc,scarecrow,,,,Derby,,DerbyCanTakeTask,,,,,,,,14,42,TRUE,,,,,,,,,,,,,,,,,,,,,,,,,,,,,,,,,
Step117: Tap Derby stand,home,180,,,121,TID_TUTORIAL_NEIGHBORHOOD_DERBY2,TID_TUTORIAL_NEIGHBORHOOD_DERBY_TAP,Step116: Video tutorial,,,,sc/humans.sc,scarecrow,,,,Derby,,DerbyTapStand,,,,,,,,14,42,TRUE,,,,,,,,,,,,,,,,,,,,,,,,,,,,,,,,,
Step118: Derby rewards video,home,180,,,125,TID_TUTORIAL_NEIGHBORHOOD_DERBY3,,Step117: Tap Derby stand,tutorial_derby_rewards,TID_DERBY_TUTORIAL2_TITLE,,sc/humans.sc,scarecrow,,,,Derby,,DerbyCloseHUD2,,,,,,,,,,TRUE,,,,,,,,,,,,,,,,,,,,,,,,,,,,,,,,,
Step119: Derby rewards outro,home,180,,,126,TID_TUTORIAL_NEIGHBORHOOD_DERBY4,TID_TUTORIAL_NEIGHBORHOOD_DERBY_TAP2,Step118: Derby rewards video,,,,sc/humans.sc,scarecrow,,,,Derby,,TouchTarget,,,,,,,,14,42,TRUE,,,,,,,,,,,,,,,,,,,,,,,,,,,,,,,,,
Step117b: Derby leagues 1,home,180,,,122,TID_TUTORIAL_NEIGHBORHOOD_DERBY5,,Step117: Tap Derby stand,,,,sc/humans.sc,scarecrow,,,,Derby,,DerbyCanTakeTask,,,,,,,,,,TRUE,,,,,,,,,,,,,,,,,,,,,,,,,,,,,,,,,
Step117c: Derby leagues 2,home,180,,,123,TID_TUTORIAL_NEIGHBORHOOD_DERBY6,,Step117b: Derby leagues 1,,,,sc/humans.sc,scarecrow,,,,Derby,,,,,,,,,,,,TRUE,,,,,,,,,,,,,,,,,,,,,,,,,,,,,,,,,
Step117d: Derby opt out,home,180,,,124,TID_TUTORIAL_NEIGHBORHOOD_DERBY7,,Step117c: Derby leagues 2,,,,sc/humans.sc,scarecrow,,,,Derby,,,,,,,,,,,,TRUE,,,,,,,,,,,,,,,,,,,,,,,,,,,,,,,,,
Step118a: Champion league,home,,,,125,TID_DERBY_LEADERBOARD_TUTORIAL1,,Step117d: Derby opt out,,,,sc/humans.sc,scarecrow,,,,Derby,,,InChampionLeague,,,,,,,,,TRUE,,,,,,,,,,,,,,,,,,,,,,,,,,,,,,,,,
Step118b: Champion league,home,,,,126,TID_DERBY_LEADERBOARD_TUTORIAL2,,Step118a: Champion league,,,,sc/humans.sc,scarecrow,,,,Derby,,,InChampionLeague,,,,,,,,,TRUE,,,,,,,,,,,,,,,,,,,,,,,,,,,,,,,,,
Step118c: Champion league,home,,,,127,TID_DERBY_LEADERBOARD_TUTORIAL3,,Step118b: Champion league,,,,sc/humans.sc,scarecrow,,,,Derby,,,InChampionLeague,,,,,,,,,TRUE,,,,,,,,,,,,,,,,,,,,,,,,,,,,,,,,,
Step118d: Champion league,home,,,,128,TID_DERBY_LEADERBOARD_TUTORIAL4,,Step118c: Champion league,,,,sc/humans.sc,scarecrow,,,,Derby,,,InChampionLeague,,,,,,,,,TRUE,,,,,,,,,,,,,,,,,,,,,,,,,,,,,,,,,
Step119: Open Edit Mode,home,230,239,,129,,,,,,,sc/humans.sc,scarecrow,,,,EditModeButton,,OpenEditMode,,,,,,,,,,TRUE,,,,,,,,,,,,,,,,,,,,,,,,,,,,,,,,,
Step120: Helper intro,home,330,,,130,TID_TUTORIAL_HELPER_1,,,,,,sc/humans.sc,scarecrow,,,,HelperHouse,,,,,,,,,,25,-9,TRUE,,,,,,,,,,,,,,,,,,,,,,,,,,,,,,,,,
Step121: Helper 1,home,330,,,131,TID_TUTORIAL_HELPER_2,,Step120: Helper intro,,,,sc/humans03.sc,popup_helper_caretaker,,,,HelperHouse,,,,,,,,,,25,-9,TRUE,,,,,,,,,,,,,,,,,,,,,,,,,,,,,,,,,
Step122: Helper 2,home,330,,,132,TID_TUTORIAL_HELPER_3,,Step121: Helper 1,,,,sc/humans03.sc,popup_helper_miller,,,,HelperHouse,,,,,,,,,,25,-9,TRUE,,,,,,,,,,,,,,,,,,,,,,,,,,,,,,,,,
Step123: Helper info button,home,330,,,133,,TID_TUTORIAL_HELPER_3a,Step122: Helper 2,,,,,,,,,HelperHouse,,OpenHelperInfo,,,,,-150,,,25,-9,TRUE,,,,,,,,,,,,,,,,,,,,,,,,,,,,,,,,,
Step124: Helper storage,home,330,,,134,TID_TUTORIAL_HELPER_4,,Step122: Helper 2,,,,sc/humans.sc,scarecrow,,,,HelperHouse,,,,,,,,,,25,-9,TRUE,,,,,,,,,,,,,,,,,,,,,,,,,,,,,,,,,
Step125: Helper crops,home,330,,,135,TID_TUTORIAL_HELPER_5,,Step124: Helper storage,,,,sc/humans03.sc,popup_helper_caretaker,,,,HelperHouse,,,,,,,,,,25,-9,TRUE,,,,,,,,,,,,,,,,,,,,,,,,,,,,,,,,,
Step126: Boosters unlocked,home,350,,,137,TID_BOOSTER_TUTORIAL_1,,,,,,sc/humans.sc,scarecrow,,,,,,,CloseFriendBar,,,,,,,,,TRUE,,,,,,,,,,,,,,,,,,,,,,,,,,,,,,,,,
Step127: Boosters activate booster,home,350,,,139,,TID_BOOSTER_TUTORIAL_1a,Step126: Boosters unlocked,,,,sc/humans.sc,scarecrow,,,,BoosterButton,,ActivateBooster,CloseFriendBar,,,,,-20,,25,33,TRUE,MoreXP_lv1,,,,,,,,,,,,,,,,,,,,,,,,,,,,,,,,
Step128: Boosters booster activated,home,350,,,140,TID_BOOSTER_TUTORIAL_3,,Step127: Boosters activate booster,,,,sc/humans.sc,scarecrow,,Step128: Boosters booster activated,,,,,,,,,,,,25,33,TRUE,,,,,,,,,,,,,,,,,,,,,,,,,,,,,,,,,
Step129: Boosters more info,home,350,,,141,TID_BOOSTER_TUTORIAL_2,,Step128: Boosters booster activated,,,,sc/humans.sc,scarecrow,,,,,,,,,,,,,,25,33,TRUE,,,,,,,,,,,,,,,,,,,,,,,,,,,,,,,,,
Step130: Boosters more info,home,350,,,141,TID_BOOSTER_TUTORIAL_2_2,,Step129: Boosters more info,,,,sc/humans.sc,scarecrow,,,,,,,,,,,,,,25,33,TRUE,,,,,,,,,,,,,,,,,,,,,,,,,,,,,,,,,
Step131: Repair book stand,train,340,,3,142,,TID_SANCTUARY_TUTORIAL_1,,,,,sc/humans.sc,scarecrow,,,,BookStandBroken,,TouchTarget,,,,,-30,-100,,32,6,TRUE,,,,,,,,,,,,,,,,,,,,,,,,,,,,,,,,,
Step132: Book stand repaired,train,340,,3,143,TID_SANCTUARY_TUTORIAL_2,,Step131: Repair book stand,,,,sc/humans.sc,scarecrow,,,,BookStand,,,,,,,-30,-100,,32,6,TRUE,,,,,,,,,,,,,,,,,,,,,,,,,,,,,,,,,
Step133: Open book,train,340,,3,144,,TID_SANCTUARY_TUTORIAL_3,Step132: Book stand repaired,,,,sc/humans.sc,scarecrow,,,,BookStand,,TouchTarget,,,,,50,-100,,32,6,TRUE,,,,,,,,,,,,,,,,,,,,,,,,,,,,,,,,,
Step134: Place animal house,train,340,,3,145,,TID_SANCTUARY_TUTORIAL_4,Step133: Open book,,,,sc/humans.sc,scarecrow,,,,BookStand,,PlaceAnimalHouse,,,,,,,,32,6,TRUE,,,,,,,,,,,,,,,,,,,,,,,,,,,,,,,,,
Step135: First animal,train,340,,3,146,,TID_SANCTUARY_TUTORIAL_5,Step134: Place animal house,,,,sc/humans.sc,scarecrow,,,,AnimalHouse,,WaitAnimalToSpawn,,,,,,,,,,TRUE,,,,,,,,,,,,,,,,,,,,,,,,,,,,,,,,,
Step136: Sanctuary info 1,train,340,,3,147,TID_SANCTUARY_TUTORIAL_6,,Step135: First animal,,,,sc/humans.sc,scarecrow,,,,,,,,,,,,,,,,TRUE,,,,,,,,,,,,,,,,,,,,,,,,,,,,,,,,,
Step137: Sanctuary info 2,train,340,,3,148,TID_SANCTUARY_TUTORIAL_7,,Step136: Sanctuary info 1,,,,sc/humans.sc,scarecrow,,,,,,,,,,,,,,,,TRUE,,,,,,,,,,,,,,,,,,,,,,,,,,,,,,,,,
Step138: Sanctuary info 3,train,340,,3,149,TID_SANCTUARY_TUTORIAL_8,,Step137: Sanctuary info 2,,,,sc/humans.sc,scarecrow,,,,,,,,,,,,,,,,TRUE,,,,,,,,,,,,,,,,,,,,,,,,,,,,,,,,,
Step139: Follow builder,home,310,,,150,,,,,,,,,,,,Builder,,SpawnBuilder,,,,,,,,27,38,TRUE,,,,,,,,,,,,,,,,,,,,,,,,,,,,,,,,,
Step140: Builder arrives,home,310,,,151,TID_RENOVATOR_TUTORIAL1,,,,,,sc/humans.sc,scarecrow,2000,,,RenovatorStand,,,,,,,,,,27,38,TRUE,,,,,,,,,,,,,,,,,,,,,,,,,,,,,,,,,
Step141: Select stand and start customization,home,310,,,151,,TID_RENOVATOR_TUTORIAL1_b,Step140: Builder arrives,,,,sc/humans.sc,scarecrow,,,,RenovatorStand,,OpenRenovatorStand,,,,,,,,27,38,TRUE,,,,,,,,,,,,,,,,,,,,,,,,,,,,,,,,,
Step142: End customization,home,310,,,151,,,Step141: Select stand and start customization,,,,sc/humans.sc,scarecrow,,,,RenovatorStand,,CloseRenovatorStand,,,,,,,,27,38,TRUE,,,,,,,,,,,,,,,,,,,,,,,,,,,,,,,,,
Step143: Builder info 1,home,310,,,151,TID_RENOVATOR_TUTORIAL2,,Step142: End customization,,,,sc/humans.sc,scarecrow,7000,,,,,,,,,,,,,27,38,TRUE,,,,,,,,,,,,,,,,,,,,,,,,,,,,,,,,,
Step144: Builder info 2,home,310,,,151,TID_RENOVATOR_TUTORIAL3,,Step143: Builder info 1,,,,sc/humans.sc,scarecrow,,,,RenovatorStand,,,,,,,,,,27,38,TRUE,,,,,,,,,,,,,,,,,,,,,,,,,,,,,,,,,
Step145: Valley intro,home,250,,,152,TID_TUTORIAL_VALLEY_STEP1,,,,,,sc/humans.sc,scarecrow,,,,MapGameStand,,,,,,,,,,,,TRUE,,,,,,,,,,,,,,,,,,,,,,,,,,,,,,,,,
Step146: Tap on valley sign,home,250,,,152,,TID_TUTORIAL_VALLEY_STEP2,Step145: Valley intro,,,,sc/humans.sc,scarecrow,,,,MapGameStand,,TouchTarget,,,,,60,-70,,5,33,TRUE,,,,,,,,,,,,,,,,,,,,,,,,,,,,,,,,,
Step147: Valley info 1,home,250,,,152,TID_TUTORIAL_VALLEY_STEP3,,Step146: Tap on valley sign,,,,sc/humans.sc,scarecrow,500,,,MapGameStand,,,,,,,,,,,,TRUE,,,,,,,,,,,,,,,,,,,,,,,,,,,,,,,,,
Step148: Fuel info 1,home,250,,,152,TID_TUTORIAL_VALLEY_STEP4,,Step147: Valley info 1,,,,sc/humans.sc,scarecrow,,,,MapGameFuelButton,,OpenFuelGenerator,,,,,,,,,,TRUE,,,,,,,,,,,,,,,,,,,,,,,,,,,,,,,,,
Step149: First fuel spin,home,250,,,152,,,Step148: Fuel info 1,,,,,,,,,MapGameFuelButton,,FirstFuelSpin,,,,,,,,,,TRUE,,,,,,,,,,,,,,,,,,,,,,,,,,,,,,,,,
Step150: Fuel info 2,home,250,,,152,TID_TUTORIAL_VALLEY_STEP5,,Step149: First fuel spin,,,,sc/humans.sc,scarecrow,,,,MapGameFuelButton,,,,,,,,,,,,TRUE,,,,,,,,,,,,,,,,,,,,,,,,,,,,,,,,,
Step151: Valley daily quests,home,250,,,152,TID_TUTORIAL_VALLEY_STEP6,,Step150: Fuel info 2,,,,sc/humans.sc,scarecrow,,,,MapGameQuestsButton,,OpenMapQuests,,,,,,,,,,TRUE,,,,,,,,,,,,,,,,,,,,,,,,,,,,,,,,,
Step152: Valley info 2,home,250,,,152,TID_TUTORIAL_VALLEY_STEP7,,Step151: Valley daily quests,,,,sc/humans.sc,scarecrow,,,,MapGameStand,,,,,,,,,,,,TRUE,,,,,,,,,,,,,,,,,,,,,,,,,,,,,,,,,
Step153: Glowing valley rewards button,home,250,,,152,,,Step152: Valley info 2,,,,,,,,,MapGameRewardsButton,,OpenMapRewards,,,,,,,,,,TRUE,,,,,,,,,,,,,,,,,,,,,,,,,,,,,,,,,
Step154: Valley info 3,home,250,,,152,TID_TUTORIAL_VALLEY_STEP8,,Step153: Glowing valley rewards button,,,,sc/humans.sc,scarecrow,,,,MapGameRewardsButton,,,,,,,,,,,,TRUE,,,,,,,,,,,,,,,,,,,,,,,,,,,,,,,,,
Step155: Farm Pass cinematic start,home,110,,,1,,,,,,,,,4000,,,FarmPassBuilding,,SetCinematicMode,,ShowFarmPassGeneralInfo,,,30,-120,,,,TRUE,,5000,Step156: Tap on chick house,,,,,,,,,,,,,,,,,,,,,,,,,,,,,,
Step156: Tap on chick house,home,110,,,1,,,Step155: Farm Pass cinematic start,,,,,,,,,FarmPassBuilding,,OpenFarmPass,,,,,30,-120,,,,TRUE,,,,,,,,,,,,,,,,,,,,,,,,,,,,,,,,,
Step157: Existing player age,home,,,,,TID_TUTORIAL_EXISTING_PLAYER_AGE,,Step18: Name your farm,,,,sc/humans.sc,popup_mike,,,,,,PlayerAge,OpenPlayerAgeScreen,,,,,-90,,,,TRUE,,,,,,,,,,,,,,,,,,,,,,,,,,,,,,,,,
Step158: Daily Tasks,home,80,,,152,,,,,,,,,,,,DailyTaskButton,,OpenDailyTasks,,,,,,,,,,TRUE,,,,,,,,,,,,,,,,,,,,,,,,,,,,,,,,,
Step159: Deco Sticker Book,home,,,,,,,,,,,,,,,,DecoStickerBookButton,,OpenDecoStickerBook,,,,,,,,,,TRUE,,,,,,,,,,,,,,,,,,,,,,,,,,,,,,,,,
Step160: Ai visiting New Character 1,ai,50,,,49,TID_TUTORIAL_NEWCHAR_1,,,,,,sc/humans.sc,popup_greg,,,,,,,,,,,,,,,,TRUE,,,,,,,,,,,,,,,,,,,,,,,,,,,,,,,,,
Step161: Ai visiting New Character 2,ai,50,,,49,TID_TUTORIAL_NEWCHAR_2,,,,,,sc/humans.sc,popup_greg,,,,,,,,,,,,,,,,TRUE,,,,,,,,,,,,,,,,,,,,,,,,,,,,,,,,,
Step162: Ai visiting New Character 3,ai,50,,,49,TID_TUTORIAL_NEWCHAR_3,,,,,,sc/humans.sc,popup_greg,,,,,,,,,,,,,,,,TRUE,,,,,,,,,,,,,,,,,,,,,,,,,,,,,,,,,
Step163: Ai visiting New Character 4,ai,50,,,49,TID_TUTORIAL_NEWCHAR_4,,,,,,sc/humans.sc,popup_greg,,,,,,,,,,,,,,,,TRUE,,,,,,,,,,,,,,,,,,,,,,,,,,,,,,,,,
Step164: Ai visiting New Character 5,ai,50,,,49,TID_TUTORIAL_NEWCHAR_5,,,,,,sc/humans.sc,popup_greg,,,,,,,,,,,,,,,,TRUE,,,,,,,,,,,,,,,,,,,,,,,,,,,,,,,,,
Step165: Ai visiting gift boxes 1,ai,50,,,49,TID_TUTORIAL_GREG_GIFT_BOXES_1,,,,,,sc/humans.sc,popup_greg,,,,CollectableLifecycleCalendarBoxExists,,,,,,,,,,,,TRUE,,,,Default,,,,,,,,,,,,,,,,,,,,,,,,,,,,,
Step166: Ai visiting gift boxes 2,ai,50,,,49,,,,,,,sc/humans.sc,popup_greg,,,,CollectableLifecycleCalendarBox,,OpenLifecycleCalendarBox,,,,,,,,,,TRUE,,,,Default,,,,,,,,,,,,,,,,,,,,,,,,,,,,,
Step167: Ai visiting gift boxes 3,ai,50,,,49,,,,,,,sc/humans.sc,popup_greg,,,,NotCollectableLifecycleCalendarBox,,TapClosedLifecycleCalendarBox,,,,,,,,,,TRUE,,,,Default,,,,,,,,,,,,,,,,,,,,,,,,,,,,,
Step168: Ai visiting gift boxes 4,ai,50,90,,49,,,,,,,sc/humans.sc,popup_greg,,,,HomeButton,,ReturnHome,,,,,,,,,,TRUE,,,,Default,,,,,,,,,,,,,,,,,,,,,,,,,,,,,
Step169: ATT Popup,home,9999999,,,9999999,,,,,,,,,,,,,,ATTPopup,,,,,,,,,,TRUE,,,,,,,,,,,,,,,,,,,,,,,,,,,,,,,,,
Step170: GameCenter,home,9999999,,,9999999,,,,,,,,,,,,,,GameCenter,,,,,,,,,,TRUE,,,,,,,,,,,,,,,,,,,,,,,,,,,,,,,,,
Step171: Notification Popup,home,9999999,,,9999999,,,,,,,,,,,,,,Notification,,,,,,,,,,TRUE,,,,,,,,,,,,,,,,,,,,,,,,,,,,,,,,,
Step172: UserCentrics,home,9999999,,,9999999,,,,,,,,,,,,,,UserCentrics,,,,,,,,,,TRUE,,,,,,,,,,,,,,,,,,,,,,,,,,,,,,,,,
Step173: IntroStart,home,9999999,,,9999999,,,,,,,,,,,,,,IntroStart,,,,,,,,,,TRUE,,,,,,,,,,,,,,,,,,,,,,,,,,,,,,,,,
Step174: IntroStep1,home,9999999,,,9999999,,,,,,,,,,,,,,IntroStep1,,,,,,,,,,TRUE,,,,,,,,,,,,,,,,,,,,,,,,,,,,,,,,,
Step175: IntroStep2,home,9999999,,,9999999,,,,,,,,,,,,,,IntroStep2,,,,,,,,,,TRUE,,,,,,,,,,,,,,,,,,,,,,,,,,,,,,,,,
Step176: IntroStep3,home,9999999,,,9999999,,,,,,,,,,,,,,IntroStep3,,,,,,,,,,TRUE,,,,,,,,,,,,,,,,,,,,,,,,,,,,,,,,,
Step177: IntroStep4,home,9999999,,,9999999,,,,,,,,,,,,,,IntroStep4,,,,,,,,,,TRUE,,,,,,,,,,,,,,,,,,,,,,,,,,,,,,,,,
Step178: IntroStep5,home,9999999,,,9999999,,,,,,,,,,,,,,IntroStep5,,,,,,,,,,TRUE,,,,,,,,,,,,,,,,,,,,,,,,,,,,,,,,,
Step179: IntroStep6,home,9999999,,,9999999,,,,,,,,,,,,,,IntroStep6,,,,,,,,,,TRUE,,,,,,,,,,,,,,,,,,,,,,,,,,,,,,,,,
Step180: IntroEnd,home,9999999,,,9999999,,,,,,,,,,,,,,IntroEnd,,,,,,,,,,TRUE,,,,,,,,,,,,,,,,,,,,,,,,,,,,,,,,,
V2: Intro char,home,10,,,1,TID_TUTORIAL_V2_IntroChar,,,,,,sc/humans.sc,<default>,,,,,,,,,,,,,,,,TRUE,,,,NewFtue,TRUE,TRUE,,,,,,,,,,,,,,,,,,,,,,,,,,,
V2: Harvest,home,10,,,2,,,,,,,sc/humans.sc,<default>,,,,HarvestableField,,HarvestFields,,UnlockExpButton,,,,,,,,TRUE,,,,NewFtue,TRUE,TRUE,,,,,TID_TUTORIAL_V2_Harvest,TRUE,tool_harvest,1,1,,0.26,0.12,8,,,-4;-5;8;10,0.3,0.7,,,0.5,1.2,,,TRUE,TID_TUTORIAL_V2_Harvest_Part2,
V2: Seeding,home,10,,,3,,,,,,,sc/humans.sc,<default>,,,,EmptyField,,PlantFields,,CloseScreens,,,,,,,,TRUE,,,,NewFtue,TRUE,TRUE,,,0,-1,TID_TUTORIAL_V2_Seeding,TRUE,tool_plant_wheat,1,1,,0.26,0.05,8,,,-4;-5;8;10,0.3,0.7,,,,1.1,,TRUE,TRUE,TID_TUTORIAL_V2_Seeding_Part2,
V2: Place first Chicken,home,10,,,5,,,,,,,sc/humans.sc,<default>,,,,ChickenHabitat,,BuyAnimals,UnlockShopButton,,5,,,,,,,TRUE,,,,NewFtue,TRUE,TRUE,,,1,4,TID_TUTORIAL_V2_PlaceChicken,,,,,TRUE,0.15,0.75,8,TRUE,TRUE,9;19;8;8,0.3,0.7,,,,1.4,1250,,,,TRUE
V2: Place second Chicken,home,10,,,5,,,,,,,sc/humans.sc,<default>,,,,ChickenHabitat,,BuyAnimals,,CloseShop,6,,,,,,,TRUE,,,,NewFtue,TRUE,TRUE,,2,1,4,TID_TUTORIAL_V2_PlaceChicken2,,,,,TRUE,0.55,0.68,8,TRUE,TRUE,9;19;8;8,0.3,0.7,,,,1.2,,,,,
V2: Place third Chicken,home,10,,,5,,,,,,,sc/humans.sc,<default>,,,,ChickenHabitat,,BuyAnimals,,CloseShop,6,,,,,,,TRUE,,,,NewFtue,TRUE,TRUE,,2,,,TID_TUTORIAL_V2_PlaceChicken3,,,,,TRUE,0.5,0.75,8,TRUE,TRUE,9;19;8;8,0.3,0.7,,,,1.2,,,,,
V2: Build Feed Mill,home,20,,,7,,,,,,,sc/humans.sc,<default>,,,,FeedMill,,BuyObject,,,,,,,,,,TRUE,,,,NewFtue,TRUE,TRUE,,,9,21,TID_TUTORIAL_V2_BuildFeedMill,,,,,,0.15,0.75,4,TRUE,TRUE,8;21;12;12,0.3,0.7,,,,0.9,,,,,TRUE
V2: Speedup Feed Mill,home,20,30,,7,,,,,,,sc/humans.sc,<default>,,,,FeedMill,,InstantComplete,SelectTargetObject,,,,,,,,,TRUE,,,,NewFtue,TRUE,TRUE,,,,,TID_TUTORIAL_V2_CompleteFeedMill,,,,,,0.35,0.1,4,,,-4;-5;8;10,0.3,0.7,,,,1.1,,,TRUE,,
V2: Place fields,home,20,,,8,,,,,,,sc/humans.sc,<default>,,,,EmptyField,,BuyObject,SelectTargetObject,CloseShop,9,,,,,,,TRUE,,,,NewFtue,TRUE,TRUE,,,20,24,TID_TUTORIAL_V2_PlaceFields,,,,,,0.15,0.75,8,TRUE,TRUE,16;18;12;12,0.3,0.7,,,,0.9,2000,,,,TRUE
V2: Plant Corn,home,20,,,9,,,,,,,sc/humans.sc,<default>,,,,EmptyField,,PlantFields,,,,,,,,,,TRUE,,,,NewFtue,TRUE,TRUE,,,,,TID_TUTORIAL_V2_PlantCorn,,tool_plant_corn,,,,0.35,0.1,4,,,-4;-5;8;10,0.3,0.7,,TRUE,,1.2,,,TRUE,,
V2: Speed up Corn,home,20,30,,10,,,,,,,sc/humans.sc,<default>,,,,GrowingFieldCorn,,InstantCompleteField,,UnselectCurrent,,,,,,,,TRUE,,,,NewFtue,TRUE,TRUE,,,,,TID_TUTORIAL_V2_SpeedUpCorn,,,,,,0.35,0.1,4,,,-4;-5;8;10,0.3,0.7,,,,1.1,,,TRUE,,
V2: Harvest Corn,home,20,,,11,,,,,,,sc/humans.sc,<default>,,,,HarvestableFieldCorn,,HarvestFields,,,,,,,,,,TRUE,,,,NewFtue,TRUE,TRUE,,,,,TID_TUTORIAL_V2_HarvestCorn,,tool_harvest,,,,0.35,0.1,8,,,-4;-5;8;10,0.3,0.7,,,,1.1,500,,TRUE,,
V2: Produce Chicken Feed,home,20,,,12,,,,,,,sc/humans.sc,<default>,,,,FeedMill,,StartProduction,,,2,,,,,,,TRUE,,,,NewFtue,TRUE,TRUE,,,,,TID_TUTORIAL_V2_ProduceChickenFeed,,,,,,0.35,0.1,8,TRUE,,-4;-5;8;10,0.3,0.7,,TRUE,,1.2,,TRUE,TRUE,,
V2: Speed up Chicken Feed,home,20,,,13,,,,,,,sc/humans.sc,<default>,,,,FeedMill,,InstantCompleteProduct,,UnselectCurrent,2,,,,,,,TRUE,,,,NewFtue,TRUE,TRUE,,,,,TID_TUTORIAL_V2_SpeedUpChickenFeed,,,,,,0.35,0.1,8,,,-4;-5;8;10,0.3,0.7,,,,1.1,,,TRUE,,
V2: Feed 3 Chickens,home,30,,,14,,,,,,,sc/humans.sc,<default>,,,,HungryChicken,,FeedAnimals,,,3,,,,,,,TRUE,,,,NewFtue,TRUE,TRUE,,,,,TID_TUTORIAL_V2_FeedChickens,,,,,,0.35,0.1,4,TRUE,,-4;-5;8;10,0.3,0.7,,TRUE,,1.4,,,TRUE,,
V2: Chicken Speedup1,home,30,40,,19,,,,,,,sc/humans.sc,<default>,,,,ProcessingChicken,,InstantComplete,SelectTargetObject,,,,,,,,,TRUE,,,,NewFtue,TRUE,TRUE,,,,,TID_TUTORIAL_V2_SpeedChicken1,,,,,,0.35,0.1,4,,,-4;-5;8;10,0.3,0.7,,,,1.4,,,TRUE,,
V2: Chicken Speedup2,home,30,40,,20,,,,,,,sc/humans.sc,<default>,,,,ProcessingChicken,,InstantComplete,SelectTargetObject,,,,,,,,,TRUE,,,,NewFtue,TRUE,TRUE,,,,,TID_TUTORIAL_V2_SpeedChicken2,,,,,,0.35,0.1,4,,,-4;-5;8;10,0.3,0.7,,,,1.4,,,TRUE,,
V2: Chicken Speedup3,home,30,40,,21,,,,,,,sc/humans.sc,<default>,,,,ProcessingChicken,,InstantComplete,SelectTargetObject,,,,,,,,,TRUE,,,,NewFtue,TRUE,TRUE,,,,,TID_TUTORIAL_V2_SpeedChicken3,,,,,,0.35,0.1,4,,,-4;-5;8;10,0.3,0.7,,,,1.4,,,TRUE,,
V2: Chicken Collecting,home,30,,,22,,,,,,,sc/humans.sc,<default>,,,,ReadyChicken,,CollectAnimal,,UnselectCurrent,,,,,,,,TRUE,,,,NewFtue,TRUE,TRUE,,,,,TID_TUTORIAL_V2_CollectEggs,,,,,,0.35,0.1,8,TRUE,,-4;-5;8;10,0.3,0.7,,,,1.2,,,TRUE,,
V2: Car Arrives,home,30,,,23,,,,,,,sc/humans.sc,<default>,,,,,,SpawnCar,,,,,,,,,,TRUE,,,,NewFtue,TRUE,TRUE,,,,,,,,,,,,,,,,,,,,,,,2000,TRUE,,,
V2: Complete First Order,home,30,,,25,,,,,,,sc/humans.sc,<default>,,,,OrderTable,,CompleteOrder,,,,,40,-50,,,,TRUE,,,,NewFtue,TRUE,TRUE,,,,,TID_TUTORIAL_V2_CompleteFirstOrder,,,,,,0.3,0.05,4,,,,0.3,0.7,,,,1.2,,,,,
V2: Buy Bakery,home,40,,,26,,,,,,,sc/humans.sc,<default>,,,,Bakery,,BuyObject,,,,,,,,,,TRUE,,,,NewFtue,TRUE,TRUE,,,19,19,TID_TUTORIAL_V2_BuyBakery,,,,,,0.15,0.75,4,TRUE,TRUE,16;13;12;12,0.3,0.7,,,,0.9,,,,,TRUE
V2: Speedup Bakery,home,40,,,26,,,,,,,sc/humans.sc,<default>,,,,Bakery,,InstantComplete,SelectTargetObject,,,,,,,,,TRUE,,,,NewFtue,TRUE,TRUE,,,,,TID_TUTORIAL_V2_SpeedBakery,,,,,,0.35,0.1,4,,,-4;-5;8;10,0.3,0.7,,,,1.2,,,TRUE,,
V2: Bake Bread,home,40,,,26,,,,,,,sc/humans.sc,<default>,,,,Bakery,,StartProduction,,,,,,,,,,TRUE,,,,NewFtue,TRUE,TRUE,,,,,TID_TUTORIAL_V2_BakeBread,,,,,,0.35,0.1,4,,,-4;-5;8;10,0.3,0.7,,TRUE,,1.1,,,TRUE,,
V2: SpeedUp Bread,home,40,50,,26,,,,,,,sc/humans.sc,<default>,,,,Bakery,,InstantCompleteProduct,SelectTargetObject,UnselectCurrent,,,,,,,,TRUE,,,,NewFtue,TRUE,TRUE,,,,,TID_TUTORIAL_V2_SpeedBread,,,,,,0.35,0.1,8,,,-4;-5;8;10,0.3,0.7,,,,1,,,TRUE,,
V2: Guest appears,home,40,,,27,,,,,,,sc/humans.sc,<default>,7000,,,People,,,,,,B,,-90,,,,TRUE,,,,NewFtue,TRUE,TRUE,,,,,TID_TUTORIAL_V2_GuestAppears,,,,,,0.35,0.1,4,,,,0.3,0.7,,,,0.8,,TRUE,,,
V2: Collect the coins,home,30,,,26,,,,,,,sc/humans.sc,<default>,,,,Car,,ClaimOrder,,,,,-20,-50,,,,TRUE,,,,NewFtue,TRUE,TRUE,,4,,,TID_TUTORIAL_V2_CollectFirstOrder,,,,,,0.35,0.1,4,,,,0.3,0.7,,,,0.7,,,,,
V2: SellBreadStart,home,40,,,28,TID_TUTORIAL_V2_SellBread1,,,,,,sc/humans.sc,popup_joan,,,,,,,OpenPeopleBuyScreen,,,B,,-120,,,,TRUE,,,,NewFtue,TRUE,TRUE,,,,,,,,,,,,,,,,,,,,,,,,,,,
V2: Sell Bread,home,40,,,29,,,,,,,sc/humans.sc,popup_joan,,,,,,CompletePeopleOrder,,,,B,,-120,,,,TRUE,,,,NewFtue,TRUE,TRUE,,,,,,,,,,,,,,,,,,,,,,,,,,,
V2: Complete Second Order,home,40,,,30,,,,,,,sc/humans.sc,<default>,,,,OrderTable,,CompleteOrder,,,,,40,-50,,,,TRUE,,,,NewFtue,TRUE,TRUE,,5,,,TID_TUTORIAL_V2_CompleteSecondOrder,,,,,,0.3,0.05,4,,,-4;-5;8;10,0.3,0.7,,,,,,,TRUE,,
V2: Ai visiting 1,home,50,,,30,,,,,,,sc/humans.sc,<default>,,,,,,WaitForHud,,,,,,,,,,TRUE,,,,NewFtue,TRUE,TRUE,,,,,,,,,,,,,,,,,,,,,,,,,,,
V2: Ai visiting 3,home,50,,,32,TID_TUTORIAL_V2_GregIntro,,,,,,sc/humans.sc,popup_greg,,,,,,,UnlockFriendsButton,,,,,,,,,TRUE,,,,NewFtue,TRUE,TRUE,,,,,,,,,,,,,,,,,,,,,,,,,,,
V2: Ai visiting 4,home,50,,,32,,,,,,,sc/humans.sc,<default>,,,,FriendBarButton,,OpenFriendBar,,,,,,,,,,TRUE,,,,NewFtue,TRUE,TRUE,,,,,TID_TUTORIAL_V2_OpenFriendBar,,,,,,0.4,0.4,4,,TRUE,12;12;12;12,0.3,0.7,,,,,,,,,
V2: Ai visiting 5,home,50,,,33,,,,,,,sc/humans.sc,<default>,,,,AIButton,,VisitAI,,CloseFriendBar,,,,,,,,TRUE,,,,NewFtue,TRUE,TRUE,,,,,TID_TUTORIAL_V2_VisitGreg,,,,,,0.4,0.2,4,,TRUE,12;12;12;12,0.3,0.7,,,,,,,,,
V2: Ai visiting 6,ai,50,,,34,TID_TUTORIAL_V2_GregsFarm,,,,,,sc/humans.sc,popup_greg,,,,,,,,,,,,,,,,TRUE,,,,NewFtue,TRUE,TRUE,,,,,,,,,,,,,,,,,,,,,,,,,,,
V2: Ai visiting 7,ai,50,,,35,TID_TUTORIAL_V2_GregShop,,,,,,sc/humans.sc,popup_greg,,,,RoadsideShop,,OpenRoadsideShop,UnlockInboxButton,,,,,,,,,TRUE,,,,NewFtue,TRUE,TRUE,,,,,,,,,,,,,,,,-4;-5;8;10,0.3,0.7,,,,1,,,TRUE,,
V2: Ai visiting 8,ai,50,,,36,TID_TUTORIAL_V2_GregLeave,,,,,,sc/humans.sc,popup_greg,,,,,,,UnlockMoneyShopButton,,,,,,,,,TRUE,,,,NewFtue,TRUE,TRUE,,,,,,,,,,,,,,,,,,,,,,,,,,,
V2: Ai visiting 9,home,50,,,38,TID_TUTORIAL_V2_BackHome,,,,,,sc/humans.sc,<default>,,,,,,,,UnlockAllButtons,,,,,,,,TRUE,,,,NewFtue,TRUE,TRUE,,,,,,,,,,,,,,,,,,,,,,,,,,,
EventBoard old players 1,home,100,,,,TID_TUTORIAL_EVENT_BOARD_OLD_PLAYERS_1,,,,,,sc/humans.sc,scarecrow,,EventBoard new players 1,,EventBoard,,OpenEventBoard,,,,,40,-50,,,,TRUE,,,,,,,,,,,,,,,,,,,,,,,,,,,,,,,,,
EventBoard new players 1,home,90,,,1,TID_TUTORIAL_EVENT_BOARD_NEW_PLAYERS_1,,,,,,sc/humans.sc,scarecrow,,EventBoard old players 1,,EventBoard,,OpenEventBoard,,,,,40,-50,,,,TRUE,,,,,,,,,,,,,,,,,,,,,,,,,,,,,,,,,
EventBoard old players 2,home,100,,,,TID_TUTORIAL_EVENT_BOARD_OLD_PLAYERS_2,,EventBoard old players 1,,,,sc/humans.sc,scarecrow,,EventBoard new players 2,,EventBoardHUD,,SetEventBoardEventSeen,,,,,40,-50,,,,TRUE,,,,,,,,,,,,,,,,,,,,,,,,,,,,,,,,,
EventBoard new players 2,home,90,,,1,TID_TUTORIAL_EVENT_BOARD_NEW_PLAYERS_2,,EventBoard new players 1,,,,sc/humans.sc,scarecrow,,EventBoard old players 2,,EventBoardHUD,,SetEventBoardEventSeen,,,,,40,-50,,,,TRUE,,,,,,,,,,,,,,,,,,,,,,,,,,,,,,,,,
EventBoard old players 3,home,100,,,,TID_TUTORIAL_EVENT_BOARD_3,,EventBoard old players 2,,,,sc/humans.sc,scarecrow,,EventBoard new players 3,,EventBoardHUD,,OpenEventBoardEventInfo,,,,,40,-50,,,,TRUE,,,,,,,,,,,,,,,,,,,,,,,,,,,,,,,,,
EventBoard new players 3,home,90,,,1,TID_TUTORIAL_EVENT_BOARD_3,,EventBoard new players 2,,,,sc/humans.sc,scarecrow,,EventBoard old players 3,,EventBoardHUD,,OpenEventBoardEventInfo,,,,,40,-50,,,,TRUE,,,,,,,,,,,,,,,,,,,,,,,,,,,,,,,,,
EventBoard old players 4,home,100,,,,TID_TUTORIAL_EVENT_BOARD_4,,EventBoard old players 3,,,,sc/humans.sc,scarecrow,,EventBoard new players 4,,EventBoard,,,,,,,40,-50,,,,TRUE,,,,,,,,,,,,,,,,,,,,,,,,,,,,,,,,,
EventBoard new players 4,home,90,,,1,TID_TUTORIAL_EVENT_BOARD_4,,EventBoard new players 3,,,,sc/humans.sc,scarecrow,,EventBoard old players 4,,EventBoard,,,,,,,40,-50,,,,TRUE,,,,,,,,,,,,,,,,,,,,,,,,,,,,,,,,,
V2: Name farm,home,50,,,37,TID_TUTORIAL_V2_Name_Farm,,,,,,sc/humans.sc,<default>,,,,,,NameGate,OpenNameGateScreen,,,,,,,,,TRUE,,,,NewFtue,TRUE,TRUE,,,,,,,,,,,,,,,,,,,,,,,,,,,
V2: Wait first order,home,30,,,25,TID_TUTORIAL_V2_WaitFirstOrder,,,,,,sc/humans.sc,<default>,,,,,,,,ReturnCar,,,,,,,,TRUE,,,,NewFtue,TRUE,TRUE,,,,,,,,,,,,,,,,,,,,,,,,,,,
V2: Ai visiting 10,ai,50,90,,39,,,,,,,sc/humans.sc,popup_greg,,,,HomeButton,,ReturnHome,,,,,,,,,,TRUE,,,,NewFtue,TRUE,TRUE,,,,,,,,,,,,,,,TRUE,,,,,,,,,,,,
V2: Car Arrives Part 2,home,30,,,24,TID_TUTORIAL_V2_CarArrives,,,,,,sc/humans.sc,<default>,,,,,,,,,,,,,,,,TRUE,,,,NewFtue,TRUE,TRUE,,,,,,,,,,,,,,,,,,,,,,,,,,,
V2: Age Intro,home,10,,,1,TID_TUTORIAL_V2_Age_Gate,,,,,,sc/humans.sc,<default>,,,,,,AgeGate,OpenAgeGateScreen,,,,,,,,,TRUE,,,,NewFtue,TRUE,TRUE,,,,,,,,,,,,,,,,,,,,,,,,,,,
V2: Ai visiting 2,home,50,,,31,,,,,,,sc/humans.sc,<default>,100,,,People,,SelectTargetSameDataType,,SelectTargetObject,,C,,-120,,,,TRUE,,,,NewFtue,TRUE,TRUE,,,,,TID_TUTORIAL_V2_GregAppears,,,,,,0.35,0.1,4,,,,0.3,0.7,,,,,,,,,
V2: Lvl up after Speed up Chicken Feed,home,20,,,14,,,,,,,sc/humans.sc,<default>,,,,,,WaitForHud,,,,,,,,,,TRUE,,,,NewFtue,TRUE,TRUE,,3,,,,,,,,,0.35,0.1,8,,,,0.3,0.7,,,,1.1,,,,,
V2: Ai visiting gift boxes 1,ai,50,,,36,TID_TUTORIAL_GREG_GIFT_BOXES_1,,,,,,sc/humans.sc,popup_greg,,,,CollectableLifecycleCalendarBoxExists,,,,,,,,,,,,TRUE,,,,NewFtue,,,,,,,,,,,,,,,,,,,,,,,,,,,,,
V2: Ai visiting gift boxes 2,ai,50,,,36,,,,,,,sc/humans.sc,popup_greg,,,,CollectableLifecycleCalendarBox,,OpenLifecycleCalendarBox,,,,,,,,,,TRUE,,,,NewFtue,,,,,,,,,,,,,,,,,,,,,,,,,,,,,
V2: Ai visiting gift boxes 3,ai,50,,,36,,,,,,,sc/humans.sc,popup_greg,,,,NotCollectableLifecycleCalendarBox,,TapClosedLifecycleCalendarBox,,,,,,,,,,TRUE,,,,NewFtue,,,,,,,,,,,,,,,,,,,,,,,,,,,,,
V2: Ai visiting gift boxes 4,ai,50,90,,36,,,,,,,sc/humans.sc,popup_greg,,,,HomeButton,,ReturnHome,,,,,,,,,,TRUE,,,,NewFtue,,,,,,,,,,,,,,,,,TRUE,,,,,,,,,,,,
Temp Narrative Dialogue 1,home,90,,,49,,,,,,,sc/humans.sc,popup_greg,,,,,,,,,,,,,,,,TRUE,,,,,,,,,,,,,,,,,,,,,,,,,,,,,,,,,
Temp Narrative Dialogue 2,home,90,,,49,,,,,,,sc/humans.sc,popup_greg,,,,,,,,,,,,,,,,TRUE,,,,,,,,,,,,,,,,,,,,,,,,,,,,,,,,,
Temp Narrative Dialogue 3,home,90,,,49,,,,,,,sc/humans.sc,popup_greg,,,,,,,,,,,,,,,,TRUE,,,,,,,,,,,,,,,,,,,,,,,,,,,,,,,,,
Temp Narrative Dialogue 4,home,90,,,49,,,,,,,sc/humans.sc,popup_greg,,,,,,,,,,,,,,,,TRUE,,,,,,,,,,,,,,,,,,,,,,,,,,,,,,,,,
Temp Narrative Dialogue 5,home,90,,,49,,,,,,,sc/humans.sc,popup_greg,,,,,,,,,,,,,,,,TRUE,,,,,,,,,,,,,,,,,,,,,,,,,,,,,,,,,
Temp Narrative Dialogue 6,home,90,,,49,,,,,,,sc/humans.sc,popup_greg,,,,,,,,,,,,,,,,TRUE,,,,,,,,,,,,,,,,,,,,,,,,,,,,,,,,,
